{
  "small": [
    {
      "in_features": 640,
      "out_features": 2560,
      "rank": 8,
      "batch_size": 8,
      "seq_len": 1024,
      "linear_time_ms": 4.977908416666667,
      "linear_memory_mb": 248.7509765625,
      "linear_num_kernels": 9,
      "linear_matmul_time_ms": 3.4162377499999996,
      "linear_elementwise_time_ms": 0.07508724999999959,
      "approx_time_ms": 1.2786020898268402,
      "approx_memory_mb": 296.60400390625,
      "approx_num_kernels": 18,
      "approx_matmul_time_ms": 0.43111724999999973,
      "approx_elementwise_time_ms": 0.30786741666666695,
      "speedup": 3.893242828455583,
      "memory_savings": -0.19237322403728
    },
    {
      "in_features": 640,
      "out_features": 2560,
      "rank": 16,
      "batch_size": 8,
      "seq_len": 1024,
      "linear_time_ms": 5.055393749999999,
      "linear_memory_mb": 248.7509765625,
      "linear_num_kernels": 9,
      "linear_matmul_time_ms": 3.4734597499999995,
      "linear_elementwise_time_ms": 0.07461599999999931,
      "approx_time_ms": 1.3057954444444446,
      "approx_memory_mb": 296.95166015625,
      "approx_num_kernels": 18,
      "approx_matmul_time_ms": 0.4471892499999997,
      "approx_elementwise_time_ms": 0.30833800000000006,
      "speedup": 3.8715051208888496,
      "memory_savings": -0.19377083161576783
    },
    {
      "in_features": 640,
      "out_features": 2560,
      "rank": 32,
      "batch_size": 8,
      "seq_len": 1024,
      "linear_time_ms": 5.035076124999999,
      "linear_memory_mb": 248.7509765625,
      "linear_num_kernels": 9,
      "linear_matmul_time_ms": 3.4590527499999997,
      "linear_elementwise_time_ms": 0.0747840000000001,
      "approx_time_ms": 1.3020576035714282,
      "approx_memory_mb": 297.64697265625,
      "approx_num_kernels": 18,
      "approx_matmul_time_ms": 0.44655266666666665,
      "approx_elementwise_time_ms": 0.3079130416666666,
      "speedup": 3.8670148779817675,
      "memory_savings": -0.1965660467727435
    },
    {
      "in_features": 640,
      "out_features": 2560,
      "rank": 64,
      "batch_size": 8,
      "seq_len": 1024,
      "linear_time_ms": 5.040431041666668,
      "linear_memory_mb": 248.7509765625,
      "linear_num_kernels": 9,
      "linear_matmul_time_ms": 3.4627515000000004,
      "linear_elementwise_time_ms": 0.07495924999999988,
      "approx_time_ms": 1.529230902380952,
      "approx_memory_mb": 299.03759765625,
      "approx_num_kernels": 18,
      "approx_matmul_time_ms": 0.6169030833333333,
      "approx_elementwise_time_ms": 0.3087597916666666,
      "speedup": 3.296056229192672,
      "memory_savings": -0.20215647708669485
    }
  ],
  "medium": [
    {
      "in_features": 1280,
      "out_features": 5120,
      "rank": 8,
      "batch_size": 8,
      "seq_len": 1024,
      "linear_time_ms": 14.306656499999994,
      "linear_memory_mb": 507.2509765625,
      "linear_num_kernels": 8,
      "linear_matmul_time_ms": 8.837970749999998,
      "linear_elementwise_time_ms": 0.1497194999999965,
      "approx_time_ms": 2.4453429166666663,
      "approx_memory_mb": 576.701171875,
      "approx_num_kernels": 18,
      "approx_matmul_time_ms": 0.81491625,
      "approx_elementwise_time_ms": 0.60470925,
      "speedup": 5.8505726957517705,
      "memory_savings": -0.13691485777542475
    },
    {
      "in_features": 1280,
      "out_features": 5120,
      "rank": 16,
      "batch_size": 8,
      "seq_len": 1024,
      "linear_time_ms": 14.277573,
      "linear_memory_mb": 507.2509765625,
      "linear_num_kernels": 8,
      "linear_matmul_time_ms": 8.81640575,
      "linear_elementwise_time_ms": 0.1497757500000016,
      "approx_time_ms": 2.4800398125000007,
      "approx_memory_mb": 577.146484375,
      "approx_num_kernels": 18,
      "approx_matmul_time_ms": 0.8399802500000004,
      "approx_elementwise_time_ms": 0.6043170000000002,
      "speedup": 5.756993467619987,
      "memory_savings": -0.13779275160032728
    },
    {
      "in_features": 1280,
      "out_features": 5120,
      "rank": 32,
      "batch_size": 8,
      "seq_len": 1024,
      "linear_time_ms": 14.24646633333333,
      "linear_memory_mb": 507.2509765625,
      "linear_num_kernels": 8,
      "linear_matmul_time_ms": 8.79602875,
      "linear_elementwise_time_ms": 0.1496399999999994,
      "approx_time_ms": 2.524578875,
      "approx_memory_mb": 578.037109375,
      "approx_num_kernels": 18,
      "approx_matmul_time_ms": 0.8763892500000001,
      "approx_elementwise_time_ms": 0.6042382500000008,
      "speedup": 5.643106054008049,
      "memory_savings": -0.13954853925013236
    },
    {
      "in_features": 1280,
      "out_features": 5120,
      "rank": 64,
      "batch_size": 8,
      "seq_len": 1024,
      "linear_time_ms": 14.210259791666662,
      "linear_memory_mb": 507.2509765625,
      "linear_num_kernels": 8,
      "linear_matmul_time_ms": 8.7686535,
      "linear_elementwise_time_ms": 0.14940799999999582,
      "approx_time_ms": 2.842097395833333,
      "approx_memory_mb": 579.818359375,
      "approx_num_kernels": 18,
      "approx_matmul_time_ms": 1.0681795000000003,
      "approx_elementwise_time_ms": 0.6052494999999993,
      "speedup": 4.999920063436131,
      "memory_savings": -0.14306011454974252
    }
  ]
}